KÛd obce,N·zev obce,VoliËi v seznamu,VydanÈ ob·lky,PlatnÈ hlasy,ObËansk· demokratick· strana,ÿ·d n·roda - Vlasteneck· unie,CESTA ODPOVÃDN… SPOLE»NOSTI,»esk· str.soci·lnÏ demokrat.,RadostnÈ »esko,STAROSTOV… A NEZ¡VISLÕ,Komunistick· str.»ech a Moravy,Strana zelen˝ch,"ROZUMNÕ-stop migraci,dikt·t.EU",Strana svobodn˝ch obËan˘,Blok proti islam.-Obran.domova,ObËansk· demokratick· aliance,»esk· pir·tsk· strana,Unie H.A.V.E.L.,Referendum o EvropskÈ unii,TOP 09,ANO 2011,Dobr· volba 2016,SPR-Republ.str.»sl. M.Sl·dka,K¯esù.demokr.unie-»s.str.lid.,»esk· strana n·rodnÏ soci·lnÌ,REALIST…,SPORTOVCI,DÏlnic.str.soci·lnÌ spravedl.,Svob.a p¯.dem.-T.Okamura (SPD),Strana Pr·v ObËan˘
565423,BdÌn,51,34,34,"2,94 %","0,00 %","0,00 %","20,58 %","0,00 %","2,94 %","2,94 %","2,94 %","0,00 %","0,00 %","0,00 %","0,00 %","8,82 %","0,00 %","0,00 %","2,94 %","44,11 %","0,00 %","0,00 %","0,00 %","0,00 %","0,00 %","0,00 %","0,00 %","11,76 %","0,00 %"
541672,Branov,170,120,119,"8,40 %","0,84 %","0,00 %","11,76 %","0,00 %","0,00 %","19,32 %","0,00 %","0,84 %","0,84 %","0,00 %","0,00 %","10,92 %","0,00 %","0,00 %","1,68 %","33,61 %","0,00 %","0,00 %","4,20 %","0,00 %","0,84 %","0,00 %","0,00 %","5,88 %","0,84 %"
565041,B¯eûany,106,71,69,"8,69 %","0,00 %","0,00 %","5,79 %","1,44 %","5,79 %","17,39 %","0,00 %","1,44 %","1,44 %","0,00 %","0,00 %","13,04 %","0,00 %","0,00 %","2,89 %","28,98 %","0,00 %","0,00 %","0,00 %","0,00 %","0,00 %","2,89 %","0,00 %","8,69 %","1,44 %"
541699,»ist·,724,388,387,"10,85 %","0,00 %","0,00 %","8,52 %","0,00 %","6,71 %","17,31 %","1,29 %","1,80 %","0,77 %","0,00 %","0,00 %","7,75 %","0,00 %","0,00 %","2,32 %","29,45 %","0,00 %","0,00 %","4,65 %","0,00 %","0,00 %","0,25 %","0,00 %","7,49 %","0,77 %"
565181,DÏkov,160,63,63,"11,11 %","3,17 %","0,00 %","11,11 %","0,00 %","7,93 %","22,22 %","3,17 %","0,00 %","0,00 %","0,00 %","1,58 %","4,76 %","0,00 %","0,00 %","4,76 %","15,87 %","0,00 %","0,00 %","3,17 %","0,00 %","0,00 %","1,58 %","0,00 %","9,52 %","0,00 %"
529711,Drahouö,64,41,41,"4,87 %","0,00 %","0,00 %","2,43 %","0,00 %","19,51 %","17,07 %","0,00 %","0,00 %","0,00 %","2,43 %","0,00 %","4,87 %","0,00 %","0,00 %","0,00 %","41,46 %","0,00 %","0,00 %","2,43 %","0,00 %","0,00 %","0,00 %","0,00 %","4,87 %","0,00 %"
541729,Ho¯esedly,331,183,183,"5,46 %","0,00 %","0,00 %","7,65 %","0,00 %","4,91 %","21,85 %","2,18 %","0,54 %","2,73 %","0,00 %","0,00 %","3,82 %","0,00 %","0,00 %","1,09 %","34,42 %","0,00 %","0,54 %","1,09 %","0,00 %","0,00 %","0,00 %","0,00 %","12,02 %","1,63 %"
541737,Ho¯oviËky,385,170,168,"5,35 %","1,19 %","0,00 %","11,90 %","0,00 %","1,19 %","11,90 %","0,00 %","1,78 %","0,00 %","0,00 %","0,59 %","4,16 %","0,00 %","1,78 %","1,78 %","45,83 %","0,00 %","0,59 %","0,59 %","0,00 %","0,59 %","1,19 %","0,00 %","9,52 %","0,00 %"
565202,Hracholusky,66,49,49,"10,20 %","0,00 %","0,00 %","4,08 %","0,00 %","8,16 %","10,20 %","4,08 %","0,00 %","0,00 %","0,00 %","0,00 %","22,44 %","0,00 %","0,00 %","4,08 %","24,48 %","0,00 %","0,00 %","2,04 %","0,00 %","0,00 %","0,00 %","0,00 %","10,20 %","0,00 %"
541761,H¯ebeËnÌky,220,153,152,"11,84 %","0,00 %","0,00 %","3,94 %","0,65 %","7,89 %","19,73 %","1,31 %","0,65 %","1,31 %","0,00 %","0,00 %","3,94 %","0,00 %","0,65 %","3,94 %","36,18 %","0,00 %","0,00 %","0,65 %","0,65 %","0,65 %","0,00 %","0,00 %","5,92 %","0,00 %"
541770,H¯edle,464,276,275,"9,09 %","0,00 %","0,00 %","9,45 %","0,00 %","6,18 %","16,36 %","1,45 %","0,36 %","0,36 %","0,00 %","0,00 %","6,90 %","0,00 %","0,00 %","1,81 %","35,63 %","0,00 %","0,36 %","1,09 %","0,00 %","0,72 %","0,72 %","0,36 %","9,09 %","0,00 %"
565334,Hvozd,133,77,75,"1,33 %","0,00 %","0,00 %","6,66 %","0,00 %","5,33 %","28,00 %","0,00 %","0,00 %","1,33 %","0,00 %","0,00 %","6,66 %","0,00 %","0,00 %","6,66 %","34,66 %","0,00 %","0,00 %","1,33 %","0,00 %","1,33 %","1,33 %","0,00 %","5,33 %","0,00 %"
541818,Chr·öùany,532,306,304,"7,23 %","0,00 %","0,00 %","8,22 %","0,00 %","5,92 %","10,19 %","0,32 %","0,32 %","0,98 %","0,00 %","0,00 %","8,22 %","0,65 %","0,65 %","3,94 %","38,81 %","0,00 %","0,32 %","0,98 %","0,00 %","0,00 %","0,00 %","0,65 %","12,50 %","0,00 %"
565270,Janov,109,87,87,"16,09 %","0,00 %","0,00 %","2,29 %","0,00 %","10,34 %","10,34 %","0,00 %","0,00 %","0,00 %","0,00 %","0,00 %","9,19 %","0,00 %","0,00 %","0,00 %","27,58 %","0,00 %","0,00 %","1,14 %","0,00 %","1,14 %","0,00 %","0,00 %","20,68 %","1,14 %"
541834,Jesenice,1 321,723,722,"8,31 %","0,13 %","0,27 %","9,69 %","0,13 %","6,09 %","12,04 %","1,52 %","0,55 %","0,41 %","0,27 %","0,00 %","6,78 %","0,13 %","0,00 %","4,98 %","32,13 %","0,00 %","0,27 %","1,52 %","0,00 %","0,41 %","0,13 %","0,00 %","13,57 %","0,55 %"
565440,Kalivody,81,53,53,"15,09 %","0,00 %","0,00 %","11,32 %","0,00 %","13,20 %","7,54 %","0,00 %","0,00 %","0,00 %","0,00 %","0,00 %","3,77 %","0,00 %","0,00 %","3,77 %","35,84 %","0,00 %","0,00 %","1,88 %","0,00 %","0,00 %","0,00 %","0,00 %","7,54 %","0,00 %"
565288,Karlova Ves,102,78,77,"6,49 %","0,00 %","0,00 %","5,19 %","0,00 %","15,58 %","23,37 %","1,29 %","1,29 %","0,00 %","0,00 %","0,00 %","12,98 %","0,00 %","0,00 %","0,00 %","24,67 %","0,00 %","0,00 %","1,29 %","0,00 %","0,00 %","0,00 %","0,00 %","7,79 %","0,00 %"
541877,KnÏûeves,800,447,445,"9,43 %","0,00 %","0,00 %","9,88 %","0,00 %","2,92 %","9,43 %","2,02 %","1,57 %","0,44 %","0,00 %","0,00 %","4,94 %","0,44 %","0,00 %","2,02 %","37,97 %","0,00 %","0,22 %","1,79 %","0,00 %","1,12 %","0,67 %","0,22 %","14,60 %","0,22 %"
565199,Koleöov,111,55,52,"7,69 %","0,00 %","0,00 %","3,84 %","0,00 %","0,00 %","7,69 %","1,92 %","0,00 %","0,00 %","0,00 %","0,00 %","3,84 %","0,00 %","0,00 %","1,92 %","61,53 %","0,00 %","0,00 %","0,00 %","0,00 %","0,00 %","0,00 %","0,00 %","11,53 %","0,00 %"
541893,Koleöovice,686,383,381,"6,29 %","0,00 %","0,00 %","11,81 %","0,00 %","4,72 %","11,81 %","0,00 %","1,31 %","0,00 %","0,00 %","0,00 %","5,77 %","0,00 %","0,00 %","6,03 %","35,95 %","0,00 %","0,52 %","2,36 %","0,26 %","1,04 %","0,78 %","0,52 %","10,49 %","0,26 %"
541907,Kounov,410,191,189,"7,40 %","0,00 %","0,00 %","10,58 %","0,00 %","1,05 %","21,16 %","0,00 %","0,00 %","0,52 %","0,00 %","0,00 %","11,11 %","0,00 %","0,00 %","2,64 %","34,39 %","0,00 %","0,00 %","1,05 %","1,05 %","0,00 %","0,00 %","0,00 %","8,99 %","0,00 %"
565385,Kozojedy,74,61,61,"9,83 %","0,00 %","0,00 %","3,27 %","0,00 %","13,11 %","14,75 %","0,00 %","0,00 %","1,63 %","0,00 %","0,00 %","4,91 %","0,00 %","0,00 %","8,19 %","39,34 %","0,00 %","0,00 %","3,27 %","0,00 %","0,00 %","0,00 %","0,00 %","1,63 %","0,00 %"
565351,Krakov,101,71,71,"9,85 %","0,00 %","0,00 %","28,16 %","0,00 %","1,40 %","7,04 %","2,81 %","2,81 %","0,00 %","0,00 %","0,00 %","0,00 %","0,00 %","0,00 %","2,81 %","26,76 %","0,00 %","0,00 %","5,63 %","0,00 %","0,00 %","0,00 %","0,00 %","12,67 %","0,00 %"
565369,Krakovec,56,33,33,"18,18 %","0,00 %","0,00 %","12,12 %","0,00 %","3,03 %","9,09 %","0,00 %","0,00 %","6,06 %","0,00 %","0,00 %","3,03 %","0,00 %","0,00 %","6,06 %","33,33 %","0,00 %","0,00 %","0,00 %","0,00 %","0,00 %","0,00 %","0,00 %","6,06 %","3,03 %"
541940,KrouËov·,208,137,136,"5,88 %","0,00 %","0,00 %","5,14 %","0,00 %","36,76 %","8,82 %","0,00 %","0,00 %","0,00 %","0,00 %","0,00 %","2,20 %","0,00 %","0,00 %","1,47 %","30,14 %","0,00 %","0,00 %","0,73 %","0,00 %","0,00 %","0,00 %","0,73 %","8,08 %","0,00 %"
598500,Krty,106,70,70,"8,57 %","0,00 %","0,00 %","2,85 %","0,00 %","1,42 %","15,71 %","1,42 %","0,00 %","2,85 %","0,00 %","0,00 %","10,00 %","0,00 %","1,42 %","10,00 %","38,57 %","0,00 %","0,00 %","1,42 %","0,00 %","0,00 %","0,00 %","0,00 %","5,71 %","0,00 %"
541966,Krup·,376,194,194,"4,63 %","0,51 %","0,00 %","4,12 %","0,00 %","5,67 %","12,88 %","1,54 %","1,03 %","1,03 %","0,00 %","0,00 %","6,70 %","0,00 %","0,51 %","3,60 %","43,29 %","0,00 %","0,00 %","2,57 %","0,00 %","0,51 %","0,00 %","0,00 %","11,34 %","0,00 %"
541974,Kruöovice,485,307,306,"9,80 %","0,00 %","0,00 %","7,84 %","0,00 %","14,37 %","11,43 %","0,32 %","0,65 %","3,26 %","0,32 %","0,00 %","7,18 %","0,00 %","0,65 %","4,90 %","24,18 %","0,00 %","0,00 %","1,30 %","0,00 %","0,32 %","0,32 %","0,98 %","11,76 %","0,32 %"
541982,K¯ivokl·t,594,323,321,"12,14 %","0,00 %","0,00 %","7,16 %","0,00 %","5,91 %","8,41 %","0,62 %","0,62 %","2,49 %","0,00 %","0,00 %","12,14 %","0,00 %","0,00 %","6,23 %","25,23 %","0,00 %","0,00 %","2,80 %","0,00 %","0,62 %","0,00 %","0,00 %","14,95 %","0,62 %"
542008,Laöovice,105,61,61,"6,55 %","1,63 %","0,00 %","6,55 %","0,00 %","4,91 %","18,03 %","3,27 %","3,27 %","3,27 %","0,00 %","0,00 %","1,63 %","0,00 %","0,00 %","4,91 %","32,78 %","0,00 %","0,00 %","1,63 %","0,00 %","0,00 %","0,00 %","1,63 %","9,83 %","0,00 %"
542016,Liöany,549,336,331,"5,43 %","0,00 %","0,00 %","12,68 %","0,00 %","4,53 %","12,99 %","0,90 %","0,30 %","1,20 %","0,00 %","0,00 %","11,17 %","0,00 %","0,30 %","2,71 %","26,88 %","0,00 %","0,00 %","2,11 %","0,00 %","0,30 %","0,60 %","0,60 %","16,91 %","0,30 %"
542032,Lubn·,754,468,467,"11,56 %","0,42 %","0,00 %","7,70 %","0,00 %","5,13 %","12,63 %","1,28 %","0,64 %","0,64 %","0,00 %","0,00 %","11,56 %","0,00 %","0,00 %","4,06 %","29,33 %","0,00 %","0,42 %","0,42 %","0,00 %","0,42 %","0,21 %","0,21 %","13,27 %","0,00 %"
542041,Luûn·,1 525,944,938,"8,31 %","0,00 %","0,00 %","7,99 %","0,00 %","5,22 %","11,83 %","1,27 %","0,74 %","0,63 %","0,31 %","0,10 %","9,06 %","0,00 %","0,10 %","3,83 %","33,15 %","0,21 %","0,10 %","1,70 %","0,10 %","0,74 %","0,21 %","0,10 %","13,96 %","0,21 %"
565377,Malinov·,68,47,47,"14,89 %","0,00 %","0,00 %","4,25 %","0,00 %","0,00 %","23,40 %","0,00 %","0,00 %","0,00 %","0,00 %","0,00 %","8,51 %","0,00 %","0,00 %","2,12 %","29,78 %","0,00 %","0,00 %","2,12 %","0,00 %","2,12 %","0,00 %","0,00 %","12,76 %","0,00 %"
542067,MÏsteËko,361,226,224,"8,03 %","0,00 %","0,00 %","5,80 %","0,00 %","6,25 %","9,37 %","0,00 %","0,89 %","2,23 %","0,00 %","0,00 %","15,62 %","0,00 %","0,00 %","2,67 %","35,71 %","0,00 %","0,44 %","0,44 %","0,00 %","1,33 %","1,33 %","0,00 %","9,82 %","0,00 %"
542075,MilostÌn,242,140,140,"2,14 %","0,00 %","0,00 %","2,85 %","0,00 %","7,14 %","16,42 %","0,00 %","0,71 %","0,71 %","0,00 %","0,00 %","8,57 %","0,00 %","0,00 %","3,57 %","42,85 %","0,00 %","0,00 %","0,71 %","0,00 %","1,42 %","0,00 %","0,00 %","12,85 %","0,00 %"
565466,Mil˝,149,98,96,"5,20 %","0,00 %","0,00 %","2,08 %","0,00 %","4,16 %","3,12 %","0,00 %","1,04 %","5,20 %","0,00 %","1,04 %","12,50 %","0,00 %","0,00 %","10,41 %","40,62 %","0,00 %","1,04 %","6,25 %","0,00 %","1,04 %","0,00 %","0,00 %","6,25 %","0,00 %"
542105,Möec,703,434,432,"10,87 %","0,00 %","0,23 %","6,94 %","0,00 %","8,33 %","5,32 %","0,46 %","0,46 %","1,15 %","0,00 %","0,00 %","12,26 %","0,00 %","0,00 %","4,86 %","36,57 %","0,00 %","0,23 %","1,38 %","0,00 %","0,00 %","0,23 %","0,23 %","10,41 %","0,00 %"
542113,MöeckÈ éehrovice,456,291,287,"11,84 %","0,00 %","0,00 %","6,62 %","0,00 %","4,52 %","10,10 %","1,74 %","0,69 %","0,34 %","0,69 %","0,34 %","9,05 %","0,00 %","0,34 %","4,87 %","30,66 %","0,00 %","0,34 %","2,43 %","0,00 %","0,69 %","0,69 %","0,34 %","13,58 %","0,00 %"
542121,MutÏjovice,648,336,336,"7,73 %","0,59 %","0,00 %","9,52 %","0,00 %","5,65 %","11,90 %","1,78 %","1,19 %","0,59 %","0,00 %","0,00 %","10,71 %","0,00 %","0,00 %","2,97 %","35,11 %","0,00 %","0,29 %","2,08 %","0,29 %","0,29 %","0,29 %","0,00 %","8,92 %","0,00 %"
542130,NesuchynÏ,324,186,186,"8,06 %","0,00 %","0,00 %","13,97 %","0,00 %","6,98 %","10,75 %","0,53 %","1,07 %","0,00 %","0,00 %","0,00 %","9,67 %","0,00 %","0,00 %","5,91 %","26,88 %","0,00 %","0,00 %","0,00 %","0,00 %","0,00 %","0,00 %","0,00 %","15,59 %","0,53 %"
598585,Nezabudice,69,48,50,"18,00 %","0,00 %","0,00 %","4,00 %","0,00 %","4,00 %","20,00 %","0,00 %","0,00 %","0,00 %","0,00 %","0,00 %","16,00 %","0,00 %","0,00 %","12,00 %","24,00 %","0,00 %","0,00 %","0,00 %","0,00 %","0,00 %","0,00 %","0,00 %","2,00 %","0,00 %"
542164,NovÈ StraöecÌ,4 316,2 696,2 675,"10,80 %","0,03 %","0,11 %","12,44 %","0,03 %","5,60 %","8,41 %","1,86 %","0,85 %","1,08 %","0,11 %","0,18 %","13,08 %","0,00 %","0,07 %","6,28 %","25,38 %","0,14 %","0,26 %","3,32 %","0,07 %","0,52 %","0,14 %","0,07 %","8,82 %","0,22 %"
542181,Nov˝ D˘m,121,85,84,"7,14 %","0,00 %","0,00 %","7,14 %","0,00 %","3,57 %","9,52 %","0,00 %","2,38 %","1,19 %","0,00 %","0,00 %","11,90 %","0,00 %","1,19 %","5,95 %","35,71 %","0,00 %","0,00 %","3,57 %","0,00 %","0,00 %","0,00 %","1,19 %","9,52 %","0,00 %"
542199,Oleön·,480,329,327,"21,10 %","0,00 %","0,00 %","7,64 %","0,00 %","3,97 %","6,11 %","0,91 %","0,00 %","2,75 %","0,30 %","0,00 %","7,33 %","0,00 %","0,00 %","2,44 %","31,19 %","0,00 %","0,91 %","2,14 %","0,61 %","0,61 %","0,00 %","0,30 %","11,31 %","0,30 %"
542202,Or·Ëov,435,319,315,"5,71 %","0,00 %","0,00 %","6,03 %","0,00 %","2,53 %","10,79 %","1,58 %","0,31 %","0,31 %","0,63 %","0,31 %","7,61 %","0,00 %","0,63 %","2,53 %","46,66 %","0,00 %","0,31 %","1,58 %","0,31 %","0,63 %","1,26 %","1,26 %","8,25 %","0,63 %"
542211,PanoöÌ ⁄jezd,235,160,159,"15,09 %","0,00 %","0,00 %","10,06 %","0,00 %","4,40 %","11,32 %","1,25 %","0,62 %","0,62 %","0,00 %","0,00 %","6,91 %","0,00 %","0,00 %","2,51 %","28,30 %","0,00 %","0,00 %","5,03 %","0,00 %","0,00 %","1,25 %","0,00 %","11,94 %","0,62 %"
544248,PavlÌkov,863,545,543,"6,99 %","0,55 %","0,00 %","7,91 %","0,18 %","7,91 %","12,52 %","1,47 %","0,73 %","1,65 %","0,00 %","0,00 %","9,76 %","0,00 %","0,18 %","2,20 %","36,09 %","0,18 %","0,00 %","1,10 %","0,00 %","0,55 %","0,18 %","0,36 %","9,20 %","0,18 %"
542229,Petrovice,234,136,136,"8,08 %","0,00 %","0,00 %","5,88 %","0,00 %","2,94 %","9,55 %","0,73 %","0,00 %","0,73 %","0,00 %","0,00 %","8,08 %","0,00 %","0,00 %","2,20 %","38,23 %","0,00 %","0,00 %","2,94 %","0,00 %","0,00 %","0,00 %","0,00 %","20,58 %","0,00 %"
542237,Pochvalov,220,139,139,"2,15 %","0,00 %","0,00 %","7,91 %","0,00 %","13,66 %","15,82 %","0,71 %","0,71 %","2,87 %","0,71 %","0,00 %","8,63 %","0,00 %","0,71 %","2,15 %","34,53 %","0,00 %","0,00 %","0,00 %","0,00 %","0,00 %","0,71 %","0,00 %","8,63 %","0,00 %"
598577,P¯erubenice,60,44,44,"15,90 %","0,00 %","2,27 %","13,63 %","0,00 %","18,18 %","9,09 %","0,00 %","0,00 %","0,00 %","0,00 %","0,00 %","11,36 %","0,00 %","0,00 %","6,81 %","18,18 %","0,00 %","0,00 %","0,00 %","0,00 %","0,00 %","0,00 %","0,00 %","4,54 %","0,00 %"
542253,P¯ÌËina,159,100,99,"5,05 %","0,00 %","0,00 %","6,06 %","0,00 %","11,11 %","18,18 %","0,00 %","0,00 %","0,00 %","0,00 %","0,00 %","5,05 %","0,00 %","0,00 %","4,04 %","41,41 %","0,00 %","0,00 %","1,01 %","0,00 %","0,00 %","0,00 %","0,00 %","8,08 %","0,00 %"
565261,P¯Ìlepy,156,92,92,"8,69 %","0,00 %","0,00 %","8,69 %","1,08 %","10,86 %","4,34 %","0,00 %","1,08 %","11,95 %","0,00 %","0,00 %","4,34 %","0,00 %","1,08 %","2,17 %","35,86 %","0,00 %","0,00 %","0,00 %","0,00 %","0,00 %","0,00 %","1,08 %","8,69 %","0,00 %"
542270,Pöovlky,228,152,152,"12,50 %","0,00 %","0,00 %","8,55 %","0,00 %","5,26 %","8,55 %","1,31 %","0,00 %","4,60 %","0,00 %","0,00 %","6,57 %","0,00 %","0,00 %","1,31 %","35,52 %","0,00 %","0,00 %","1,31 %","0,00 %","0,00 %","0,00 %","0,00 %","13,81 %","0,65 %"
542288,PustovÏty,109,72,72,"12,50 %","0,00 %","0,00 %","1,38 %","0,00 %","16,66 %","18,05 %","1,38 %","1,38 %","0,00 %","0,00 %","0,00 %","1,38 %","0,00 %","0,00 %","5,55 %","33,33 %","0,00 %","0,00 %","0,00 %","0,00 %","0,00 %","0,00 %","0,00 %","8,33 %","0,00 %"
599760,RaËice,131,100,100,"13,00 %","0,00 %","0,00 %","11,00 %","0,00 %","8,00 %","12,00 %","2,00 %","1,00 %","0,00 %","0,00 %","1,00 %","16,00 %","0,00 %","0,00 %","4,00 %","22,00 %","0,00 %","1,00 %","3,00 %","0,00 %","0,00 %","0,00 %","0,00 %","6,00 %","0,00 %"
541656,RakovnÌk,12 631,7 493,7 446,"11,26 %","0,13 %","0,00 %","8,21 %","0,16 %","6,13 %","8,82 %","1,11 %","0,61 %","1,78 %","0,09 %","0,13 %","12,32 %","0,04 %","0,04 %","4,75 %","30,76 %","0,05 %","0,09 %","2,29 %","0,05 %","0,75 %","0,09 %","0,12 %","9,87 %","0,24 %"
598526,Roztoky,870,485,483,"7,86 %","0,00 %","0,00 %","8,48 %","0,00 %","8,48 %","12,21 %","1,65 %","0,62 %","1,24 %","0,00 %","0,00 %","12,21 %","0,20 %","0,00 %","6,21 %","29,19 %","0,00 %","0,00 %","1,86 %","0,00 %","0,20 %","0,00 %","0,00 %","9,10 %","0,41 %"
542326,Ruda,585,328,328,"6,40 %","0,60 %","0,00 %","11,28 %","0,00 %","6,40 %","9,45 %","0,91 %","1,21 %","1,52 %","0,00 %","0,00 %","9,14 %","0,00 %","0,00 %","5,48 %","34,75 %","0,00 %","0,00 %","3,04 %","0,60 %","1,21 %","0,00 %","0,00 %","7,92 %","0,00 %"
542334,Rynholec,749,430,428,"8,17 %","0,00 %","0,00 %","12,14 %","0,46 %","5,37 %","12,61 %","0,00 %","1,40 %","1,63 %","0,23 %","0,00 %","10,28 %","0,23 %","0,00 %","5,37 %","30,37 %","0,23 %","0,00 %","1,86 %","0,00 %","2,10 %","0,23 %","0,23 %","6,77 %","0,23 %"
565504,ÿe¯ichy,88,54,54,"9,25 %","0,00 %","0,00 %","11,11 %","0,00 %","5,55 %","9,25 %","1,85 %","0,00 %","3,70 %","0,00 %","0,00 %","3,70 %","0,00 %","0,00 %","1,85 %","25,92 %","0,00 %","0,00 %","1,85 %","0,00 %","0,00 %","0,00 %","0,00 %","24,07 %","1,85 %"
542351,ÿevniËov,1 128,702,698,"5,73 %","0,00 %","0,00 %","8,30 %","0,14 %","8,02 %","4,44 %","0,14 %","0,42 %","1,86 %","0,14 %","0,00 %","10,45 %","0,00 %","0,00 %","4,29 %","35,53 %","0,00 %","0,00 %","0,57 %","0,00 %","0,57 %","0,00 %","0,00 %","18,05 %","1,28 %"
542369,Senec,201,138,137,"19,70 %","0,00 %","0,00 %","13,86 %","0,00 %","3,64 %","8,75 %","0,72 %","0,00 %","1,45 %","0,00 %","0,00 %","11,67 %","0,00 %","0,00 %","3,64 %","21,89 %","0,00 %","0,72 %","0,00 %","0,00 %","0,72 %","0,72 %","0,00 %","10,94 %","1,45 %"
542377,Senomaty,939,606,603,"10,61 %","0,16 %","0,33 %","9,78 %","0,00 %","8,62 %","9,45 %","0,66 %","0,66 %","1,32 %","0,00 %","0,16 %","7,96 %","0,00 %","0,00 %","3,48 %","31,34 %","0,00 %","0,33 %","1,49 %","0,00 %","0,33 %","0,16 %","0,16 %","12,76 %","0,16 %"
542385,Skryje,145,97,97,"15,46 %","0,00 %","0,00 %","6,18 %","0,00 %","6,18 %","7,21 %","2,06 %","2,06 %","0,00 %","0,00 %","0,00 %","16,49 %","0,00 %","0,00 %","6,18 %","25,77 %","0,00 %","0,00 %","3,09 %","0,00 %","0,00 %","0,00 %","0,00 %","6,18 %","3,09 %"
542415,Slabce,600,358,356,"8,70 %","0,00 %","0,00 %","7,58 %","0,28 %","6,46 %","14,60 %","0,56 %","0,28 %","2,52 %","0,00 %","0,00 %","7,30 %","0,00 %","0,00 %","3,08 %","33,70 %","0,00 %","0,28 %","1,12 %","0,00 %","0,84 %","0,00 %","0,00 %","12,35 %","0,28 %"
565407,Smilovice,46,27,27,"7,40 %","0,00 %","0,00 %","22,22 %","0,00 %","22,22 %","7,40 %","0,00 %","0,00 %","0,00 %","0,00 %","0,00 %","3,70 %","0,00 %","0,00 %","0,00 %","22,22 %","0,00 %","3,70 %","7,40 %","0,00 %","0,00 %","0,00 %","0,00 %","3,70 %","0,00 %"
542431,SrbeË,268,121,121,"3,30 %","0,00 %","0,00 %","17,35 %","0,00 %","4,95 %","11,57 %","1,65 %","0,00 %","1,65 %","0,00 %","0,00 %","1,65 %","0,00 %","0,00 %","5,78 %","36,36 %","0,00 %","0,00 %","1,65 %","0,00 %","0,00 %","0,00 %","0,82 %","13,22 %","0,00 %"
542458,SvojetÌn,259,140,140,"5,00 %","0,00 %","0,00 %","10,00 %","0,00 %","8,57 %","7,85 %","0,00 %","3,57 %","0,71 %","0,00 %","0,00 %","15,00 %","0,00 %","0,00 %","5,71 %","25,00 %","0,00 %","0,00 %","0,00 %","0,00 %","0,71 %","0,00 %","0,00 %","17,85 %","0,00 %"
542466,S˝ko¯ice,442,291,290,"8,27 %","0,00 %","0,00 %","5,17 %","0,00 %","5,51 %","11,37 %","0,68 %","0,34 %","5,51 %","0,00 %","0,34 %","13,79 %","0,00 %","0,00 %","6,89 %","27,58 %","0,00 %","0,00 %","0,68 %","0,34 %","1,72 %","0,00 %","0,34 %","11,03 %","0,34 %"
542474,äanov,413,250,250,"8,40 %","0,80 %","0,00 %","10,40 %","0,00 %","6,00 %","12,80 %","1,20 %","0,80 %","1,20 %","0,00 %","0,40 %","8,80 %","0,00 %","0,00 %","9,60 %","24,80 %","0,00 %","0,00 %","0,40 %","0,00 %","0,40 %","0,00 %","0,00 %","14,00 %","0,00 %"
598496,äÌpy,139,101,100,"8,00 %","0,00 %","0,00 %","14,00 %","0,00 %","8,00 %","5,00 %","1,00 %","4,00 %","2,00 %","0,00 %","0,00 %","7,00 %","0,00 %","0,00 %","3,00 %","36,00 %","0,00 %","2,00 %","1,00 %","1,00 %","2,00 %","0,00 %","0,00 %","6,00 %","0,00 %"
565326,ävihov,37,29,29,"17,24 %","0,00 %","0,00 %","3,44 %","0,00 %","0,00 %","27,58 %","0,00 %","0,00 %","0,00 %","0,00 %","0,00 %","17,24 %","0,00 %","0,00 %","3,44 %","13,79 %","0,00 %","0,00 %","0,00 %","0,00 %","6,89 %","0,00 %","0,00 %","10,34 %","0,00 %"
542504,T¯eboc,117,82,79,"7,59 %","0,00 %","0,00 %","5,06 %","0,00 %","12,65 %","27,84 %","1,26 %","0,00 %","0,00 %","0,00 %","0,00 %","2,53 %","0,00 %","0,00 %","0,00 %","29,11 %","0,00 %","0,00 %","0,00 %","0,00 %","1,26 %","0,00 %","2,53 %","10,12 %","0,00 %"
542512,T¯tice,407,235,233,"11,15 %","0,00 %","0,42 %","3,43 %","0,00 %","6,43 %","10,72 %","1,71 %","0,42 %","0,42 %","0,00 %","0,00 %","9,44 %","0,00 %","0,00 %","2,57 %","39,05 %","0,00 %","0,00 %","2,57 %","0,00 %","0,42 %","0,42 %","0,42 %","10,30 %","0,00 %"
565512,V·clavy,53,36,36,"0,00 %","0,00 %","0,00 %","2,77 %","0,00 %","2,77 %","5,55 %","0,00 %","0,00 %","0,00 %","0,00 %","0,00 %","13,88 %","0,00 %","0,00 %","5,55 %","38,88 %","0,00 %","2,77 %","0,00 %","0,00 %","0,00 %","0,00 %","2,77 %","22,22 %","2,77 %"
542563,Velk· Bukov·,227,137,134,"7,46 %","0,00 %","0,00 %","6,71 %","0,00 %","3,73 %","9,70 %","0,00 %","0,00 %","1,49 %","0,00 %","0,00 %","13,43 %","0,00 %","0,00 %","5,22 %","35,07 %","0,00 %","0,00 %","3,73 %","0,00 %","0,74 %","1,49 %","1,49 %","9,70 %","0,00 %"
529699,Velk· Chmeliötn·,59,45,45,"0,00 %","2,22 %","0,00 %","0,00 %","0,00 %","2,22 %","15,55 %","0,00 %","0,00 %","0,00 %","0,00 %","0,00 %","6,66 %","0,00 %","0,00 %","6,66 %","60,00 %","0,00 %","0,00 %","2,22 %","0,00 %","0,00 %","0,00 %","0,00 %","4,44 %","0,00 %"
565130,Vöesulov,92,50,50,"12,00 %","2,00 %","0,00 %","6,00 %","0,00 %","8,00 %","26,00 %","0,00 %","0,00 %","0,00 %","0,00 %","0,00 %","8,00 %","0,00 %","0,00 %","0,00 %","36,00 %","0,00 %","0,00 %","0,00 %","0,00 %","0,00 %","0,00 %","0,00 %","2,00 %","0,00 %"
542598,Vöetaty,253,142,142,"3,52 %","0,00 %","0,00 %","11,97 %","0,00 %","4,92 %","8,45 %","2,81 %","0,70 %","0,00 %","0,00 %","0,00 %","10,56 %","0,00 %","0,00 %","6,33 %","34,50 %","0,00 %","0,00 %","1,40 %","0,00 %","1,40 %","0,00 %","0,00 %","13,38 %","0,00 %"
542601,Zavidov,230,175,174,"8,04 %","0,00 %","0,00 %","11,49 %","0,00 %","6,32 %","11,49 %","0,00 %","0,00 %","0,57 %","0,00 %","0,00 %","6,32 %","0,57 %","0,00 %","3,44 %","34,48 %","0,00 %","0,00 %","0,00 %","0,00 %","0,00 %","0,57 %","0,00 %","16,66 %","0,00 %"
542610,ZbeËno,459,322,321,"7,47 %","0,00 %","0,00 %","9,65 %","0,00 %","5,29 %","9,34 %","0,62 %","0,62 %","2,18 %","0,00 %","0,00 %","18,06 %","0,00 %","0,00 %","6,85 %","30,21 %","0,00 %","0,31 %","1,86 %","0,00 %","0,93 %","0,00 %","0,00 %","6,54 %","0,00 %"
598518,éÔ·r,75,42,42,"4,76 %","0,00 %","0,00 %","0,00 %","0,00 %","7,14 %","42,85 %","0,00 %","0,00 %","0,00 %","0,00 %","0,00 %","7,14 %","0,00 %","0,00 %","2,38 %","26,19 %","0,00 %","0,00 %","0,00 %","0,00 %","0,00 %","0,00 %","0,00 %","7,14 %","2,38 %"
